{
    "force_mae": 131.61424696180555,
    "energy_mae": 24.454794311523436,
    "stress_mae": 13.278376261393229,
    "force_rmse": 199.90339333454713,
    "energy_rmse": 82.24417722550332,
    "stress_rmse": 29.757076364286863,
    "energy_r2": 0.9994481685244296,
    "force_cos": 0.9772743582725525
}