{
    "force_mae": 215.9052564353449,
    "energy_mae": 62.25046278272816,
    "stress_mae": 13.969418915798734,
    "force_rmse": 376.13863196057196,
    "energy_rmse": 347.7481364219587,
    "stress_rmse": 58.16658502542437,
    "energy_r2": 0.9977032587707375,
    "force_cos": 0.9697208866147575
}