{
    "force_mae": 0.1863115429878235,
    "energy_mae": 0.9421842098236084,
    "stress_mae": 0.010891303420066833,
    "force_rmse": 0.37799474596977234,
    "energy_rmse": 1.4446319341659546,
    "stress_rmse": 0.018438735976815224,
    "energy_r2": 0.9971543364226818
}