{
    "train": {},
    "val": {
        "rattled-1000": {
            "max_n_atoms": 152,
            "means": {
                "energy": -57.434605016297546,
                "forces": [
                    2.4792422363969106e-12,
                    3.3840745433246762e-12,
                    -9.47058575815386e-13
                ],
                "stress": [
                    -0.04803468183543398,
                    -0.04782971168841697,
                    -0.04726499802835999,
                    -8.466047210475406e-05,
                    -0.00015375174641924904,
                    -0.0002879433482672929
                ]
            }
        },
        "rattled-1000-subsampled": {
            "max_n_atoms": 136,
            "means": {
                "energy": -59.54666023293311,
                "forces": [
                    -1.2772232047488638e-12,
                    -2.064552573689217e-12,
                    -1.784609924015228e-12
                ],
                "stress": [
                    -0.04808255458885085,
                    -0.04774851593038242,
                    -0.047350432134002356,
                    -3.7177838596686274e-05,
                    -6.237952780940073e-05,
                    -0.00011369407850584661
                ]
            }
        },
        "rattled-500": {
            "max_n_atoms": 148,
            "means": {
                "energy": -56.59780698167886,
                "forces": [
                    2.373055162870178e-12,
                    9.277368050540146e-13,
                    -1.6015695977643331e-12
                ],
                "stress": [
                    -0.046081876006950184,
                    -0.045556711948197,
                    -0.044682139798658885,
                    -0.0001422450231372467,
                    -7.844288884680548e-05,
                    -0.00024032503394611605
                ]
            }
        },
        "rattled-500-subsampled": {
            "max_n_atoms": 106,
            "means": {
                "energy": -60.11217606518476,
                "forces": [
                    3.497619135684947e-12,
                    3.804726969650204e-12,
                    1.330802064993335e-12
                ],
                "stress": [
                    -0.0440671270123336,
                    -0.04354227003553679,
                    -0.04331436100937788,
                    1.882685793052701e-05,
                    -5.60002114806231e-05,
                    -0.00013769568377300145
                ]
            }
        },
        "rattled-300": {
            "max_n_atoms": 106,
            "means": {
                "energy": -55.888231137271944,
                "forces": [
                    -1.1273485919347675e-12,
                    1.821101401585356e-12,
                    9.972695594898916e-13
                ],
                "stress": [
                    -0.040591446813526534,
                    -0.040391684453479626,
                    -0.039826091629161085,
                    -9.693354604665101e-05,
                    7.979895326333171e-05,
                    -0.00031508096994254173
                ]
            }
        },
        "rattled-300-subsampled": {
            "max_n_atoms": 104,
            "means": {
                "energy": -61.174073438773426,
                "forces": [
                    1.981526641118292e-12,
                    6.042673230329075e-12,
                    6.376201392628392e-12
                ],
                "stress": [
                    -0.04290581360985851,
                    -0.04287786547423149,
                    -0.04228498222277636,
                    -0.00017707018946872184,
                    -4.857258167117505e-06,
                    -4.462893072596567e-05
                ]
            }
        },
        "aimd-from-PBE-3000-npt": {
            "max_n_atoms": 128,
            "means": {
                "energy": -294.39547996666244,
                "forces": [
                    2.77868377131136e-05,
                    -2.7957457766573115e-05,
                    1.4155804813723163e-05
                ],
                "stress": [
                    -0.02455519312226668,
                    -0.02438445204649411,
                    -0.024090456286676453,
                    4.286747156947961e-05,
                    -3.0367453154403313e-05,
                    -1.2155024362093644e-05
                ]
            }
        },
        "aimd-from-PBE-3000-nvt": {
            "max_n_atoms": 160,
            "means": {
                "energy": -304.36573226458,
                "forces": [
                    6.058496933454014e-06,
                    2.565589278629701e-06,
                    3.2978085276303616e-06
                ],
                "stress": [
                    -0.024771605727282747,
                    -0.024539652190160893,
                    -0.02420130110234829,
                    -2.065511902957722e-06,
                    1.0381290401939535e-05,
                    -4.519458526776932e-05
                ]
            }
        },
        "aimd-from-PBE-1000-npt": {
            "max_n_atoms": 168,
            "means": {
                "energy": -41.77778972552595,
                "forces": [
                    9.522272617586164e-06,
                    -5.518497286229726e-06,
                    5.8326972241464835e-06
                ],
                "stress": [
                    -0.008698043004380972,
                    -0.008430431847583837,
                    -0.008740891679497471,
                    -5.508375715967929e-05,
                    5.099638890490089e-05,
                    1.566235159924876e-05
                ]
            }
        },
        "aimd-from-PBE-1000-nvt": {
            "max_n_atoms": 140,
            "means": {
                "energy": -42.41992591550112,
                "forces": [
                    1.191149565533897e-05,
                    -6.632577418889336e-06,
                    7.112136166138489e-06
                ],
                "stress": [
                    -0.008621120340396074,
                    -0.008321754424218038,
                    -0.008407662593357243,
                    2.3970542986706687e-05,
                    6.967859303579877e-06,
                    2.3026656458743446e-05
                ]
            }
        },
        "rattled-relax": {
            "max_n_atoms": 120,
            "means": {
                "energy": -42.14154816220651,
                "forces": [
                    -1.8502639128872923e-12,
                    -1.1376622384039623e-12,
                    3.763036616127851e-12
                ],
                "stress": [
                    -0.0009406117556594279,
                    -0.0011602565402192536,
                    -0.0010417804533152518,
                    3.259700219691146e-05,
                    -2.7666312760414842e-05,
                    6.0944138152337285e-05
                ]
            }
        }
    }
}