{
    "train": {
        "rattled-1000": {
            "max_n_atoms": 184,
            "means": {
                "energy": -57.40532564860444,
                "forces": [
                    1.2073375654649505e-13,
                    -1.4054682153611983e-14,
                    1.3992685328575655e-14
                ],
                "stress": [
                    -0.048459386490489705,
                    -0.048166585082589704,
                    -0.04776494907540484,
                    8.213473886677553e-06,
                    -3.0065987168705806e-05,
                    -0.00020641049261314984
                ]
            }
        },
        "rattled-1000-subsampled": {
            "max_n_atoms": 176,
            "means": {
                "energy": -59.55136609965666,
                "forces": [
                    -4.632615810336789e-13,
                    1.4645380148735543e-13,
                    -5.229221809976011e-14
                ],
                "stress": [
                    -0.048163531858456794,
                    -0.047855807062467295,
                    -0.04741216406764217,
                    -3.1526769241788223e-06,
                    -3.790080073880437e-06,
                    -0.0002015045003926508
                ]
            }
        },
        "rattled-500": {
            "max_n_atoms": 236,
            "means": {
                "energy": -56.610020714989815,
                "forces": [
                    -1.1066057082699713e-13,
                    -2.466088707451984e-13,
                    -7.90099567563165e-13
                ],
                "stress": [
                    -0.04612052007395609,
                    -0.045807870335463984,
                    -0.04508886197496424,
                    -3.5072535495793115e-06,
                    -4.667760647463338e-05,
                    -0.00018673048367695992
                ]
            }
        },
        "rattled-500-subsampled": {
            "max_n_atoms": 160,
            "means": {
                "energy": -60.109172614514144,
                "forces": [
                    -1.4970102325732618e-13,
                    1.514602854726228e-13,
                    3.7381315651492464e-13
                ],
                "stress": [
                    -0.04320645559928608,
                    -0.04298849594141469,
                    -0.04253811773273786,
                    1.0098528068544095e-05,
                    -3.032048092618022e-05,
                    -0.00017149178803169544
                ]
            }
        },
        "rattled-300": {
            "max_n_atoms": 192,
            "means": {
                "energy": -55.9356734428674,
                "forces": [
                    1.3965497655719563e-13,
                    -1.2840682010726544e-13,
                    -4.796603543315722e-13
                ],
                "stress": [
                    -0.04145968300473768,
                    -0.04111574610826501,
                    -0.040541098431247216,
                    1.4128980275664442e-05,
                    -1.291856636393268e-05,
                    -0.0001794653110868115
                ]
            }
        },
        "rattled-300-subsampled": {
            "max_n_atoms": 160,
            "means": {
                "energy": -61.17147619756634,
                "forces": [
                    -1.074593696445574e-12,
                    -5.020677403312785e-13,
                    4.885798208758368e-13
                ],
                "stress": [
                    -0.04351368194304165,
                    -0.04325071303775801,
                    -0.04280510042532858,
                    -2.041208695814067e-05,
                    -1.091746605277663e-05,
                    -0.00019844788107031944
                ]
            }
        },
        "aimd-from-PBE-3000-npt": {
            "max_n_atoms": 192,
            "means": {
                "energy": -294.64360553576273,
                "forces": [
                    2.6053311198067106e-07,
                    4.579919861996027e-07,
                    5.854025162908627e-07
                ],
                "stress": [
                    -0.02443743199746352,
                    -0.02422834441318173,
                    -0.02379879371156739,
                    -1.6119062667848134e-05,
                    4.078714993380063e-06,
                    3.3590208263198827e-06
                ]
            }
        },
        "aimd-from-PBE-3000-nvt": {
            "max_n_atoms": 144,
            "means": {
                "energy": -303.38462036749956,
                "forces": [
                    7.192299328241336e-07,
                    1.2343404074468854e-06,
                    -5.352990000654018e-07
                ],
                "stress": [
                    -0.024381965670675906,
                    -0.024184826039888904,
                    -0.023803599932151982,
                    -1.379021439640008e-05,
                    -4.167914074881984e-06,
                    1.0187680908980425e-05
                ]
            }
        },
        "aimd-from-PBE-1000-npt": {
            "max_n_atoms": 184,
            "means": {
                "energy": -41.82123697092104,
                "forces": [
                    -5.954174889981537e-06,
                    1.91575522229672e-06,
                    -2.3354971068610897e-06
                ],
                "stress": [
                    -0.008557520077566003,
                    -0.00837368579843751,
                    -0.008490494351144883,
                    3.4950410473710214e-05,
                    1.8878630960324891e-06,
                    -2.6560069545413285e-05
                ]
            }
        },
        "aimd-from-PBE-1000-nvt": {
            "max_n_atoms": 160,
            "means": {
                "energy": -42.22530010459704,
                "forces": [
                    2.4984163092178665e-06,
                    3.7529671074759484e-07,
                    -2.4159490376290265e-06
                ],
                "stress": [
                    -0.008479438677816873,
                    -0.00835598666844868,
                    -0.00841224425886277,
                    2.3155800110151803e-05,
                    2.0240517881076652e-05,
                    -1.75439897309311e-05
                ]
            }
        },
        "rattled-relax": {
            "max_n_atoms": 192,
            "means": {
                "energy": -42.225405309229195,
                "forces": [
                    1.1044661866637878e-13,
                    4.2202779641714635e-13,
                    2.0556752417077212e-13
                ],
                "stress": [
                    -0.0009798771216360442,
                    -0.0009385118834919483,
                    -0.0008513376178362938,
                    -4.159041794592017e-06,
                    4.685158745203557e-06,
                    5.622146363422331e-06
                ]
            }
        }
    },
    "val": {
        "rattled-1000": {
            "max_n_atoms": 152,
            "means": {
                "energy": -57.434605016297546,
                "forces": [
                    2.4792422363969106e-12,
                    3.3840745433246762e-12,
                    -9.47058575815386e-13
                ],
                "stress": [
                    -0.04803468183543398,
                    -0.04782971168841697,
                    -0.04726499802835999,
                    -8.466047210475406e-05,
                    -0.00015375174641924904,
                    -0.0002879433482672929
                ]
            }
        },
        "rattled-1000-subsampled": {
            "max_n_atoms": 136,
            "means": {
                "energy": -59.54666023293311,