{
    "train": {},
    "val": {
        "rattled-1000": {
            "max_n_atoms": 152,
            "means": {
                "energy": -57.434605016297546,
                "forces": [
                    2.4792422363969106e-12,
                    3.3840745433246762e-12,
                    -9.47058575815386e-13
                ],
                "stress": [
                    -0.04803468183543398,
                    -0.04782971168841697,
                    -0.04726499802835999,
                    -8.466047210475406e-05,
                    -0.00015375174641924904,
                    -0.0002879433482672929
                ]
            },
            "std": {
                "energy": 30.516115494365597,
                "forces": [
                    4.822674221673185,
                    5.01844236009862,
                    5.083439070399386
                ],
                "stress": [
                    0.13257225900956648,
                    0.13239089326871756,
                    0.13064655295738645,
                    0.026025876728832976,
                    0.02599401919199801,
                    0.026382068177637927
                ]
            }
        },
        "rattled-1000-subsampled": {
            "max_n_atoms": 136,
            "means": {
                "energy": -59.54666023293311,
                "forces": [
                    -1.2772232047488638e-12,
                    -2.064552573689217e-12,
                    -1.784609924015228e-12
                ],
                "stress": [
                    -0.04808255458885085,
                    -0.04774851593038242,
                    -0.047350432134002356,
                    -3.7177838596686274e-05,
                    -6.237952780940073e-05,
                    -0.00011369407850584661
                ]
            },
            "std": {
                "energy": 31.750816543732167,
                "forces": [
                    5.161501223242967,
                    5.035588607070638,
                    4.926514837783776
                ],
                "stress": [
                    0.11872859586212937,
                    0.11730474846447003,
                    0.11676435168893819,
                    0.02585191980961971,
                    0.026016061423632303,
                    0.026465548831140048
                ]
            }
        },
        "rattled-500": {
            "max_n_atoms": 148,
            "means": {
                "energy": -56.59780698167886,
                "forces": [
                    2.373055162870178e-12,
                    9.277368050540146e-13,
                    -1.6015695977643331e-12
                ],
                "stress": [
                    -0.046081876006950184,
                    -0.045556711948197,
                    -0.044682139798658885,
                    -0.0001422450231372467,
                    -7.844288884680548e-05,
                    -0.00024032503394611605
                ]
            },
            "std": {
                "energy": 29.841053702280014,
                "forces": [
                    4.554637442354694,
                    4.6191142966566785,
                    4.6320582631024045
                ],
                "stress": [
                    0.1430902814027676,
                    0.1431945515597416,
                    0.13659968893322713,
                    0.02476056555420235,
                    0.024659679363062285,
                    0.02545843798097022
                ]
            }
        },
        "rattled-500-subsampled": {
            "max_n_atoms": 106,
            "means": {
                "energy": -60.11217606518476,
                "forces": [
                    3.497619135684947e-12,
                    3.804726969650204e-12,
                    1.330802064993335e-12
                ],
                "stress": [
                    -0.0440671270123336,
                    -0.04354227003553679,
                    -0.04331436100937788,
                    1.882685793052701e-05,
                    -5.60002114806231e-05,
                    -0.00013769568377300145
                ]
            },
            "std": {
                "energy": 31.32521961548725,
                "forces": [
                    4.364353755137377,
                    4.30726166249107,
                    4.70435180873328
                ],
                "stress": [
                    0.12264118273028266,
                    0.12178664222267496,
                    0.12240728047544522,
                    0.024923168030730844,
                    0.025113013968268077,
                    0.02530677079953797
                ]
            }
        },
        "rattled-300": {
            "max_n_atoms": 106,
            "means": {
                "energy": -55.888231137271944,
                "forces": [
                    -1.1273485919347675e-12,
                    1.821101401585356e-12,
                    9.972695594898916e-13
                ],
                "stress": [
                    -0.040591446813526534,
                    -0.040391684453479626,
                    -0.039826091629161085,
                    -9.693354604665101e-05,
                    7.979895326333171e-05,
                    -0.00031508096994254173
                ]
            },
            "std": {
                "energy": 29.27089344345595,
                "forces": [
                    3.909643270971702,
                    4.100196460149,
                    3.8841704938405752
                ],
                "stress": [
                    0.13373341209328285,
                    0.13300071249859313,
                    0.13173076231106898,
                    0.0235658495929453,
                    0.023845223833495903,
                    0.02413065224379333
                ]
            }
        },
        "rattled-300-subsampled": {
            "max_n_atoms": 104,
            "means": {
                "energy": -61.174073438773426,
                "forces": [
                    1.981526641118292e-12,
                    6.042673230329075e-12,
                    6.376201392628392e-12
                ],
                "stress": [
                    -0.04290581360985851,
                    -0.04287786547423149,
                    -0.04228498222277636,
                    -0.00017707018946872184,
                    -4.857258167117505e-06,
                    -4.462893072596567e-05
                ]
            },
            "std": {
                "energy": 30.07207095544641,
                "forces": [
                    4.534524894085985,
                    4.376436557465632,
                    4.537316891964945
                ],
                "stress": [
                    0.11210346224713724,
                    0.11058545104761873,
                    0.10882014791554342,
                    0.02503547481849822,
                    0.02513420126567709,
                    0.02533929315620958
                ]
            }
        },
        "aimd-from-PBE-3000-npt": {
            "max_n_atoms": 128,
            "means": {
                "energy": -294.39547996666244,
                "forces": [
                    2.77868377131136e-05,
                    -2.7957457766573115e-05,
                    1.4155804813723163e-05
                ],
                "stress": [
                    -0.02455519312226668,
                    -0.02438445204649411,
                    -0.024090456286676453,
                    4.286747156947961e-05,
                    -3.0367453154403313e-05,
                    -1.2155024362093644e-05
                ]
            },
            "std": {
                "energy": 129.9208458363995,
                "forces": [
                    1.347410933136331,
                    1.4336575442163593,
                    1.3434633264696934
                ],