{
    "train": {
        "rattled-1000": {
            "max_n_atoms": 108,
            "means": {
                "energy": -57.18864998933809,
                "forces": [
                    7.708449091052303e-12,
                    -7.834811203940975e-12,
                    -9.47759513261177e-12
                ],
                "stress": [
                    -0.05100014131610367,
                    -0.05092953741827192,
                    -0.0496799065931723,
                    -0.00036615423130550594,
                    -6.802957243328809e-05,
                    -0.0002710298479656058
                ]
            }
        },
        "rattled-1000-subsampled": {
            "max_n_atoms": 80,
            "means": {
                "energy": -58.616183851076656,
                "forces": [
                    -3.457279992218866e-11,
                    6.252532443813699e-12,
                    -3.825076325551827e-11
                ],
                "stress": [
                    -0.04918206138521536,
                    -0.04974163464470819,
                    -0.048467471240814804,
                    -0.00034957961918787283,
                    -0.0002822164222261581,
                    0.0006778713263175555
                ]
            }
        },
        "rattled-500": {
            "max_n_atoms": 80,
            "means": {
                "energy": -56.3874249998077,
                "forces": [
                    1.3942940646743849e-11,
                    1.5815867111151744e-11,
                    -4.5782828050419075e-12
                ],
                "stress": [
                    -0.04283382672941094,
                    -0.04281900994614036,
                    -0.04185138327429526,
                    0.0002775600329003135,
                    -0.000513715371466844,
                    5.882358028772468e-07
                ]
            }
        },
        "rattled-500-subsampled": {
            "max_n_atoms": 80,
            "means": {
                "energy": -59.86698513325952,
                "forces": [
                    2.5162640311135246e-12,
                    -2.6600520525488162e-11,
                    6.110924742888198e-12
                ],
                "stress": [
                    -0.04113248552303203,
                    -0.04147868921955238,
                    -0.041721635484945986,
                    0.0011278711796915422,
                    0.00042334912578175426,
                    -0.00028306365401828957
                ]
            }
        },
        "rattled-300": {
            "max_n_atoms": 80,
            "means": {
                "energy": -55.98239845964343,
                "forces": [
                    2.2845144257828934e-12,
                    -1.599156246744402e-12,
                    -1.507779014456924e-11
                ],
                "stress": [
                    -0.0488296787332587,
                    -0.04909171431425793,
                    -0.0470401825227579,
                    -0.00047025372877914647,
                    -0.00017484032241464864,
                    2.316660738484825e-05
                ]
            }
        },
        "rattled-300-subsampled": {
            "max_n_atoms": 80,
            "means": {
                "energy": -60.56329646809689,
                "forces": [
                    7.402224918883861e-12,
                    3.906731695217219e-11,
                    6.168524021305076e-12
                ],
                "stress": [
                    -0.042181077700991776,
                    -0.039746453851577365,
                    -0.04107777129959858,
                    0.0014233032686459383,
                    -0.0008580169232567255,
                    -0.0008593322408367531
                ]
            }
        },
        "aimd-from-PBE-3000-npt": {
            "max_n_atoms": 108,
            "means": {
                "energy": -298.51679722302384,
                "forces": [
                    -2.660263793420928e-05,
                    1.4004414840401498e-05,
                    -1.3246069702504526e-05
                ],
                "stress": [
                    -0.024328541483089824,
                    -0.02418986899094013,
                    -0.02388348717534052,
                    0.00012386531344162362,
                    0.00019977202534343292,
                    -3.064831065899271e-05
                ]
            }
        },
        "aimd-from-PBE-3000-nvt": {
            "max_n_atoms": 112,
            "means": {
                "energy": -308.2337265306268,
                "forces": [
                    -1.3195563293385e-05,
                    -6.302118847654708e-05,
                    1.3635601391266909e-05
                ],
                "stress": [
                    -0.023975970844885248,
                    -0.023830963771134906,
                    -0.0234208819478498,
                    6.948354704248317e-05,
                    -3.222633538764799e-05,
                    -0.00016187191897268854
                ]
            }
        },
        "aimd-from-PBE-1000-npt": {
            "max_n_atoms": 144,
            "means": {
                "energy": -41.88605148545246,
                "forces": [
                    -4.1958674977072783e-05,
                    1.8792164668319005e-05,
                    6.565103993297911e-06
                ],
                "stress": [
                    -0.007970667904109621,
                    -0.00773856108071952,
                    -0.00787440364428856,
                    -0.00013320402192160932,
                    4.414247572720395e-05,
                    -0.00010442701151168339
                ]
            }
        },
        "aimd-from-PBE-1000-nvt": {
            "max_n_atoms": 96,
            "means": {
                "energy": -42.111473546341216,
                "forces": [
                    1.2068363544328397e-05,
                    2.6391404329171403e-05,
                    -2.7154938654003304e-05
                ],
                "stress": [
                    -0.008475933043184036,
                    -0.008242989206315459,
                    -0.008330644523922022,
                    -0.00017724408101554297,
                    -2.6565131234813978e-05,
                    7.970739885537564e-05
                ]
            }
        },
        "rattled-relax": {
            "max_n_atoms": 100,
            "means": {
                "energy": -43.08035784069252,
                "forces": [
                    1.2028459006872326e-11,
                    -5.118491288857326e-13,
                    -1.0236992613289648e-12
                ],
                "stress": [
                    0.000723256422118981,
                    0.0006277468711899938,
                    2.358889366576637e-05,
                    7.14726052483046e-05,
                    2.8802084107862076e-05,
                    5.246008380331377e-05
                ]
            }
        }
    },
    "val": {
        "rattled-1000": {
            "max_n_atoms": 80,
            "means": {
                "energy": -57.14779796568967,
                "forces": [
                    -5.5370970736077605e-11,
                    7.751940925795728e-11,
                    -3.260338812019976e-17
                ],
                "stress": [
                    -0.07648234934267342,
                    -0.06687178050758215,
                    -0.06535820214848787,
                    0.001510024486896681,
                    0.008187321051764467,
                    0.0020518330112628703
                ]
            }
        },
        "rattled-1000-subsampled": {
            "max_n_atoms": 28,
            "means": {
                "energy": -62.238452747500006,