dataset_name,intercept,coefficient,l1_loss
rattled-300-subsampled,-15.933231353759766,-3.1562981605529785,18.883102416992188
rattled-1000,-12.60722,-3.16469,18.195894241333008
